pressure,left,right,scenarios,left_wins,ties,mean_difference,median_difference,difference_std
high,curriculum_sac,normal_sac,7,6,0,6151.4761904762,4948.666666666686,10160.57630484418
high,curriculum_sac,myopic_milp,7,7,0,18661.666666666675,17198.333333333343,8701.95635730521
high,curriculum_sac,supply,7,2,0,-1952.6190476190407,-5626.666666666657,18417.88892819773
high,curriculum_hybrid,myopic_milp,7,3,0,1282.6190476190447,-1793.333333333343,11134.799001044017
high,curriculum_hybrid,supply,7,1,0,-19331.666666666668,-16949.333333333343,21980.004339803436
extreme,curriculum_sac,normal_sac,7,5,0,5755.857142857143,5842.6666666666715,8945.162174496463
extreme,curriculum_sac,myopic_milp,7,5,0,425.3809523809531,7321.6666666666715,15989.590372337005
extreme,curriculum_sac,supply,7,2,0,-3571.619047619047,-2001.6666666666715,9000.222315008483
extreme,curriculum_hybrid,myopic_milp,7,0,0,-12459.285714285716,-6795.0,13732.132999631798
extreme,curriculum_hybrid,supply,7,0,0,-16456.285714285717,-17050.0,7783.3123659688345
