episode,mean,std,count,setting
0,215578.66666666666,28311.523702078153,3,high entropy (0.9)
4,93861.0,52448.62827567562,3,high entropy (0.9)
9,134470.33333333334,34617.944080105815,3,high entropy (0.9)
14,90680.33333333333,13395.740828089103,3,high entropy (0.9)
19,146051.0,87131.48706983027,3,high entropy (0.9)
0,63695.666666666664,41051.26743881769,3,low entropy (0.2)
4,90136.66666666667,27307.8271990529,3,low entropy (0.2)
9,234626.66666666666,35817.56781711083,3,low entropy (0.2)
14,265913.3333333333,6583.197272855599,3,low entropy (0.2)
19,270091.6666666667,8091.167056323421,3,low entropy (0.2)
0,255128.0,17190.037899900046,3,candidate / fixed graph
4,294531.6666666667,3407.8357256964987,3,candidate / fixed graph
9,293523.6666666667,8097.641776056365,3,candidate / fixed graph
14,298306.0,8979.052789687785,3,candidate / fixed graph
19,285295.0,8022.414786085297,3,candidate / fixed graph
0,248840.0,9938.905422630804,3,candidate / random graphs
4,287591.6666666667,3549.620308333463,3,candidate / random graphs
9,299852.3333333333,4156.600093024753,3,candidate / random graphs
14,297040.6666666667,7861.736979404313,3,candidate / random graphs
19,294640.6666666667,2021.3939085030809,3,candidate / random graphs
