pressure,policy,scenarios,objective_mean,objective_std,objective_vs_myopic_mean,match_rate_mean,cancelled_mean,elapsed_seconds_mean
moderate,myopic_milp,3,245575.33333333334,18258.121736184516,1.0,0.6273148148148149,9.0,0.4039867000052861
moderate,noop,3,197936.66666666666,23070.690525715378,0.8047778268740621,0.5092592592592592,14.0,0.44206506667736295
moderate,sac,3,242757.77777777775,17887.02298481386,0.9888390590792077,0.6358024691358025,7.4444444444444455,1.0491443222175196
moderate,supply,3,249378.33333333334,5699.122856487068,1.0191916848722797,0.6458333333333334,8.0,0.4633367333347754
high,myopic_milp,7,177201.0,20278.4108022958,1.0,0.36160714285714285,35.0,0.5233758571349816
high,noop,7,148678.42857142858,17676.974306114935,0.8413063036399798,0.30505952380952384,36.0,0.4954925571468526
high,sac,7,185205.09523809524,11461.169848044066,1.0521533416961508,0.3779761904761905,32.095238095238095,1.860409647621314
high,supply,7,199068.7142857143,16363.013105927706,1.1313061614028244,0.39657738095238093,31.285714285714285,0.7814286000003838
extreme,myopic_milp,7,109672.85714285714,17810.556761169966,1.0,0.21011904761904757,58.285714285714285,0.4561205000001272
extreme,noop,7,80611.0,15073.880909263768,0.7407806050649366,0.16904761904761903,63.285714285714285,0.456057699991756
extreme,sac,7,115306.57142857143,13139.213098251726,1.0604091259717083,0.2196428571428571,56.52380952380952,2.4585289714284175
extreme,supply,7,117737.71428571429,21233.335031770883,1.0761794909679343,0.22321428571428567,57.142857142857146,0.9178569142864684
